adjudication_row,component,requirement,root_box_id,record_id,freeze_route_kind,freeze_route_status,has_witness_or_source_seed,min_surplus,numeric_clearance_ok,route_status_ok,adjudication_status,adjudication_pass,failure_reason,proof_boundary
1,TENSOR,inner_witness_record_adjudication_required,D060-00001200,A062-D060-00001200.d1rho0.d2rho1.d3x30.d4y31.d5x50.d6y51.d7rho1.d8x31.d9y30.d10x50.d11y50.d12rho0,p0_symmetric_inner_witness_record_seed_freeze_candidate,frozen_witness_seed_candidate_pending_adjudication,True,0.000627353496172,True,True,pass_witness_source_reconstruction,True,,candidate_final_adjudication_replay_not_external_formalization
2,TENSOR,inner_witness_record_adjudication_required,D060-00008403,A062-D060-00008403.d1rho0.d2rho0.d3x31.d4y31.d5x51.d6y51.d7rho0.d8x30.d9y30.d10x51.d11y50.d12rho1,p0_symmetric_inner_witness_record_seed_freeze_candidate,frozen_witness_seed_candidate_pending_adjudication,True,0.000627353496172,True,True,pass_witness_source_reconstruction,True,,candidate_final_adjudication_replay_not_external_formalization
3,H004,clustered_inner_witness_record_adjudication_required,D060-00006002,A062-D060-00006002.d1rho1.d2rho1.d3y51.d4x51.d5y31.d6x31.d7rho0.d8y51.d9x51.d10y30.d11x30.d12rho1.d13x50.d14y30.d15x30.d16rho1.d17y30.d18y50.d19rho0.d20x51.d21y50.d22x31.d23y50.d24x51.d25y31.d26x31,h004_clustered_inner_witness_record_seed_freeze_candidate,frozen_cluster_witness_seed_candidate_pending_adjudication,True,0.000616839487564,True,True,pass_witness_source_reconstruction,True,,candidate_final_adjudication_replay_not_external_formalization
4,H004,clustered_inner_witness_record_adjudication_required,D060-00006002,A062-D060-00006002.d1rho1.d2rho1.d3y51.d4x51.d5y31.d6x31.d7rho0.d8y51.d9x51.d10y30.d11x30.d12rho1.d13x50.d14y30.d15x30.d16rho1.d17y31.d18y50.d19rho0.d20x51.d21y50.d22x31.d23y50.d24x51.d25y30.d26x31,h004_clustered_inner_witness_record_seed_freeze_candidate,frozen_cluster_witness_seed_candidate_pending_adjudication,True,0.000616839487564,True,True,pass_witness_source_reconstruction,True,,candidate_final_adjudication_replay_not_external_formalization
5,H004,clustered_inner_witness_record_adjudication_required,D060-00006002,A062-D060-00006002.d1rho1.d2rho1.d3y51.d4x51.d5y31.d6x31.d7rho0.d8y51.d9x51.d10y30.d11x30.d12rho1.d13x50.d14y30.d15x31.d16rho1.d17y30.d18y50.d19x30.d20rho0.d21x51.d22y50.d23y50.d24x51.d25x30.d26y31,h004_clustered_inner_witness_record_seed_freeze_candidate,frozen_cluster_witness_seed_candidate_pending_adjudication,True,0.000616839487564,True,True,pass_witness_source_reconstruction,True,,candidate_final_adjudication_replay_not_external_formalization
6,H004,clustered_inner_witness_record_adjudication_required,D060-00006002,A062-D060-00006002.d1rho1.d2rho1.d3y51.d4x51.d5y31.d6x31.d7rho0.d8y51.d9x51.d10y30.d11x30.d12rho1.d13x50.d14y30.d15x31.d16rho1.d17y31.d18y50.d19x30.d20rho0.d21x51.d22y50,h004_clustered_inner_witness_record_seed_freeze_candidate,frozen_cluster_witness_seed_candidate_pending_adjudication,True,0.000616839487564,True,True,pass_witness_source_reconstruction,True,,candidate_final_adjudication_replay_not_external_formalization
7,H004,clustered_inner_witness_record_adjudication_required,D060-00006002,A062-D060-00006002.d1rho1.d2rho1.d3y51.d4x51.d5y31.d6x31.d7rho0.d8y51.d9x51.d10y30.d11x30.d12rho1.d13x51.d14y30.d15x30.d16rho1.d17y30.d18y50.d19rho0.d20y50.d21x50.d22x31.d23y50.d24x50.d25y31.d26x31,h004_clustered_inner_witness_record_seed_freeze_candidate,frozen_cluster_witness_seed_candidate_pending_adjudication,True,0.000616839487564,True,True,pass_witness_source_reconstruction,True,,candidate_final_adjudication_replay_not_external_formalization
8,H004,clustered_inner_witness_record_adjudication_required,D060-00006002,A062-D060-00006002.d1rho1.d2rho1.d3y51.d4x51.d5y31.d6x31.d7rho0.d8y51.d9x51.d10y30.d11x30.d12rho1.d13x51.d14y30.d15x30.d16rho1.d17y31.d18y50.d19rho0.d20y50.d21x50.d22x31.d23y50.d24x50.d25y30.d26x31,h004_clustered_inner_witness_record_seed_freeze_candidate,frozen_cluster_witness_seed_candidate_pending_adjudication,True,0.000616839487564,True,True,pass_witness_source_reconstruction,True,,candidate_final_adjudication_replay_not_external_formalization
9,H004,clustered_inner_witness_record_adjudication_required,D060-00006002,A062-D060-00006002.d1rho1.d2rho1.d3y51.d4x51.d5y31.d6x31.d7rho0.d8y51.d9x51.d10y30.d11x30.d12rho1.d13x51.d14y30.d15x31.d16rho1.d17y30.d18y50.d19x30.d20rho0.d21y50.d22x50.d23y50.d24x50.d25x30.d26y31,h004_clustered_inner_witness_record_seed_freeze_candidate,frozen_cluster_witness_seed_candidate_pending_adjudication,True,0.000616839487564,True,True,pass_witness_source_reconstruction,True,,candidate_final_adjudication_replay_not_external_formalization
10,H004,clustered_inner_witness_record_adjudication_required,D060-00006002,A062-D060-00006002.d1rho1.d2rho1.d3y51.d4x51.d5y31.d6x31.d7rho0.d8y51.d9x51.d10y30.d11x30.d12rho1.d13x51.d14y30.d15x31.d16rho1.d17y31.d18y50.d19x30.d20rho0.d21y50.d22x50,h004_clustered_inner_witness_record_seed_freeze_candidate,frozen_cluster_witness_seed_candidate_pending_adjudication,True,0.000616839487564,True,True,pass_witness_source_reconstruction,True,,candidate_final_adjudication_replay_not_external_formalization
11,H004,clustered_inner_witness_record_adjudication_required,D060-00006002,A062-D060-00006002.d1rho1.d2rho1.d3y51.d4x51.d5y31.d6x31.d7rho0.d8y51.d9x51.d10y30.d11x30.d12rho1.d13x50.d14y30.d15x31.d16rho0.d17y31.d18y50.d19x30.d20x51.d21y50.d22y50.d23x51.d24y30.d25x31.d26rho1.d27rho1,h004_clustered_inner_witness_record_seed_freeze_candidate,frozen_cluster_witness_seed_candidate_pending_adjudication,True,0.000626964178271,True,True,pass_witness_source_reconstruction,True,,candidate_final_adjudication_replay_not_external_formalization
12,H004,clustered_inner_witness_record_adjudication_required,D060-00006002,A062-D060-00006002.d1rho1.d2rho1.d3y51.d4x51.d5y31.d6x31.d7rho0.d8y51.d9x51.d10y30.d11x30.d12rho1.d13x50.d14y30.d15x31.d16rho0.d17y31.d18y50.d19x30.d20x51.d21y50.d22y50.d23x51.d24y31.d25x31.d26rho1.d27rho1,h004_clustered_inner_witness_record_seed_freeze_candidate,frozen_cluster_witness_seed_candidate_pending_adjudication,True,0.000626964178271,True,True,pass_witness_source_reconstruction,True,,candidate_final_adjudication_replay_not_external_formalization
13,H004,clustered_inner_witness_record_adjudication_required,D060-00006002,A062-D060-00006002.d1rho1.d2rho1.d3y51.d4x51.d5y31.d6x31.d7rho0.d8y51.d9x51.d10y30.d11x30.d12rho1.d13x50.d14y30.d15x31.d16rho0.d17y30.d18y50.d19x30.d20x51.d21y50.d22y50.d23x51.d24x30.d25y31.d26rho1.d27rho1,h004_clustered_inner_witness_record_seed_freeze_candidate,frozen_cluster_witness_seed_candidate_pending_adjudication,True,0.000627266375847,True,True,pass_witness_source_reconstruction,True,,candidate_final_adjudication_replay_not_external_formalization
14,H004,clustered_inner_witness_record_adjudication_required,D060-00006002,A062-D060-00006002.d1rho1.d2rho1.d3y51.d4x51.d5y31.d6x31.d7rho0.d8y51.d9x51.d10y30.d11x30.d12rho1.d13x50.d14y30.d15x31.d16rho0.d17y31.d18y50.d19x30.d20x51.d21y50.d22y50.d23x51.d24y30.d25x30.d26rho1.d27rho1,h004_clustered_inner_witness_record_seed_freeze_candidate,frozen_cluster_witness_seed_candidate_pending_adjudication,True,0.000627266375847,True,True,pass_witness_source_reconstruction,True,,candidate_final_adjudication_replay_not_external_formalization
15,H004,clustered_inner_witness_record_adjudication_required,D060-00006002,A062-D060-00006002.d1rho1.d2rho1.d3y51.d4x51.d5y31.d6x31.d7rho0.d8y51.d9x51.d10y30.d11x30.d12rho1.d13x51.d14y30.d15x31.d16rho0.d17y30.d18y50.d19x30.d20y50.d21x50.d22y50.d23x50.d24x30.d25y31.d26rho1.d27rho1,h004_clustered_inner_witness_record_seed_freeze_candidate,frozen_cluster_witness_seed_candidate_pending_adjudication,True,0.000627266375847,True,True,pass_witness_source_reconstruction,True,,candidate_final_adjudication_replay_not_external_formalization
16,H004,clustered_inner_witness_record_adjudication_required,D060-00006002,A062-D060-00006002.d1rho1.d2rho1.d3y51.d4x51.d5y31.d6x31.d7rho0.d8y51.d9x51.d10y30.d11x30.d12rho1.d13x51.d14y30.d15x31.d16rho0.d17y31.d18y50.d19x30.d20y50.d21x50.d22y50.d23x50.d24y30.d25x30.d26rho1.d27rho1,h004_clustered_inner_witness_record_seed_freeze_candidate,frozen_cluster_witness_seed_candidate_pending_adjudication,True,0.000627266375847,True,True,pass_witness_source_reconstruction,True,,candidate_final_adjudication_replay_not_external_formalization
17,H004,clustered_inner_witness_record_adjudication_required,D060-00006002,A062-D060-00006002.d1rho1.d2rho1.d3y51.d4x51.d5y31.d6x31.d7rho0.d8y51.d9x51.d10y30.d11x30.d12rho1.d13x50.d14y30.d15x30.d16rho1.d17y31.d18y50.d19rho1.d20x51.d21y50.d22x31.d23y50.d24x51.d25y30.d26x31.d27rho0,h004_clustered_inner_witness_record_seed_freeze_candidate,frozen_cluster_witness_seed_candidate_pending_adjudication,True,0.00062802755398,True,True,pass_witness_source_reconstruction,True,,candidate_final_adjudication_replay_not_external_formalization
18,H004,clustered_inner_witness_record_adjudication_required,D060-00006002,A062-D060-00006002.d1rho1.d2rho1.d3y51.d4x51.d5y31.d6x31.d7rho0.d8y51.d9x51.d10y30.d11x30.d12rho1.d13x50.d14y30.d15x31.d16rho1.d17y31.d18y50.d19x30.d20rho1.d21x51.d22y50.d23y50.d24x51.d25y30.d26x30.d27rho0,h004_clustered_inner_witness_record_seed_freeze_candidate,frozen_cluster_witness_seed_candidate_pending_adjudication,True,0.00062802755398,True,True,pass_witness_source_reconstruction,True,,candidate_final_adjudication_replay_not_external_formalization
19,H004,clustered_inner_witness_record_adjudication_required,D060-00006002,A062-D060-00006002.d1rho1.d2rho1.d3y51.d4x51.d5y31.d6x31.d7rho0.d8y51.d9x51.d10y30.d11x30.d12rho1.d13x51.d14y30.d15x30.d16rho1.d17y31.d18y50.d19rho1.d20y50.d21x50.d22x31.d23y50.d24x50.d25y30.d26x31.d27rho0,h004_clustered_inner_witness_record_seed_freeze_candidate,frozen_cluster_witness_seed_candidate_pending_adjudication,True,0.00062802755398,True,True,pass_witness_source_reconstruction,True,,candidate_final_adjudication_replay_not_external_formalization
20,H004,clustered_inner_witness_record_adjudication_required,D060-00006002,A062-D060-00006002.d1rho1.d2rho1.d3y51.d4x51.d5y31.d6x31.d7rho0.d8y51.d9x51.d10y30.d11x30.d12rho1.d13x51.d14y30.d15x31.d16rho1.d17y31.d18y50.d19x30.d20rho1.d21y50.d22x50.d23y50.d24x50.d25y30.d26x30.d27rho0,h004_clustered_inner_witness_record_seed_freeze_candidate,frozen_cluster_witness_seed_candidate_pending_adjudication,True,0.00062802755398,True,True,pass_witness_source_reconstruction,True,,candidate_final_adjudication_replay_not_external_formalization
21,H004,clustered_inner_witness_record_adjudication_required,D060-00006002,A062-D060-00006002.d1rho1.d2rho1.d3y51.d4x51.d5y31.d6x31.d7rho0.d8y51.d9x51.d10y30.d11x30.d12rho1.d13x50.d14y30.d15x30.d16rho1.d17y30.d18y50.d19rho1.d20x51.d21y50.d22x31.d23y50.d24x51.d25y31.d26x31.d27rho0,h004_clustered_inner_witness_record_seed_freeze_candidate,frozen_cluster_witness_seed_candidate_pending_adjudication,True,0.000634650532225,True,True,pass_witness_source_reconstruction,True,,candidate_final_adjudication_replay_not_external_formalization
22,H004,clustered_inner_witness_record_adjudication_required,D060-00006002,A062-D060-00006002.d1rho1.d2rho1.d3y51.d4x51.d5y31.d6x31.d7rho0.d8y51.d9x51.d10y30.d11x30.d12rho1.d13x50.d14y30.d15x31.d16rho1.d17y30.d18y50.d19x30.d20rho1.d21x51.d22y50.d23y50.d24x51.d25x30.d26y31.d27rho0,h004_clustered_inner_witness_record_seed_freeze_candidate,frozen_cluster_witness_seed_candidate_pending_adjudication,True,0.000634650532225,True,True,pass_witness_source_reconstruction,True,,candidate_final_adjudication_replay_not_external_formalization
23,H004,clustered_inner_witness_record_adjudication_required,D060-00006002,A062-D060-00006002.d1rho1.d2rho1.d3y51.d4x51.d5y31.d6x31.d7rho0.d8y51.d9x51.d10y30.d11x30.d12rho1.d13x51.d14y30.d15x30.d16rho1.d17y30.d18y50.d19rho1.d20y50.d21x50.d22x31.d23y50.d24x50.d25y31.d26x31.d27rho0,h004_clustered_inner_witness_record_seed_freeze_candidate,frozen_cluster_witness_seed_candidate_pending_adjudication,True,0.000634650532225,True,True,pass_witness_source_reconstruction,True,,candidate_final_adjudication_replay_not_external_formalization
24,H004,clustered_inner_witness_record_adjudication_required,D060-00006002,A062-D060-00006002.d1rho1.d2rho1.d3y51.d4x51.d5y31.d6x31.d7rho0.d8y51.d9x51.d10y30.d11x30.d12rho1.d13x51.d14y30.d15x31.d16rho1.d17y30.d18y50.d19x30.d20rho1.d21y50.d22x50.d23y50.d24x50.d25x30.d26y31.d27rho0,h004_clustered_inner_witness_record_seed_freeze_candidate,frozen_cluster_witness_seed_candidate_pending_adjudication,True,0.000634650532225,True,True,pass_witness_source_reconstruction,True,,candidate_final_adjudication_replay_not_external_formalization
25,H004,clustered_inner_witness_record_adjudication_required,D060-00006002,A062-D060-00006002.d1rho1.d2rho1.d3y51.d4x51.d5y31.d6x31.d7rho0.d8y51.d9x51.d10y30.d11x30.d12rho1.d13x50.d14y30.d15x31.d16rho0.d17y31.d18y50.d19x30.d20x51.d21y50.d22y50.d23x50.d24y31.d25x31.d26rho1.d27rho1,h004_clustered_inner_witness_record_seed_freeze_candidate,frozen_cluster_witness_seed_candidate_pending_adjudication,True,0.000637059521585,True,True,pass_witness_source_reconstruction,True,,candidate_final_adjudication_replay_not_external_formalization
26,H004,clustered_inner_witness_record_adjudication_required,D060-00006002,A062-D060-00006002.d1rho1.d2rho1.d3y51.d4x51.d5y31.d6x31.d7rho0.d8y51.d9x51.d10y30.d11x30.d12rho1.d13x50.d14y30.d15x31.d16rho0.d17y31.d18y50.d19x31.d20x51.d21y50.d22y50.d23x50.d24y31.d25rho1.d26rho1.d27x30,h004_clustered_inner_witness_record_seed_freeze_candidate,frozen_cluster_witness_seed_candidate_pending_adjudication,True,0.000637059521585,True,True,pass_witness_source_reconstruction,True,,candidate_final_adjudication_replay_not_external_formalization
27,H004,clustered_inner_witness_record_adjudication_required,D060-00006002,A062-D060-00006002.d1rho1.d2rho1.d3y51.d4x51.d5y31.d6x31.d7rho0.d8y51.d9x51.d10y30.d11x30.d12rho1.d13x50.d14y30.d15x31.d16rho0.d17y31.d18y50.d19x31.d20x51.d21y50.d22y50.d23x51.d24y31.d25rho1.d26rho1.d27x30,h004_clustered_inner_witness_record_seed_freeze_candidate,frozen_cluster_witness_seed_candidate_pending_adjudication,True,0.000637059521585,True,True,pass_witness_source_reconstruction,True,,candidate_final_adjudication_replay_not_external_formalization
28,H004,clustered_inner_witness_record_adjudication_required,D060-00006002,A062-D060-00006002.d1rho1.d2rho1.d3y51.d4x51.d5y31.d6x31.d7rho0.d8y51.d9x51.d10y30.d11x30.d12rho1.d13x50.d14y30.d15x31.d16rho0.d17y31.d18y50.d19x30.d20x51.d21y50.d22y50.d23x51.d24y31.d25x30.d26rho1.d27rho1,h004_clustered_inner_witness_record_seed_freeze_candidate,frozen_cluster_witness_seed_candidate_pending_adjudication,True,0.00063773413548,True,True,pass_witness_source_reconstruction,True,,candidate_final_adjudication_replay_not_external_formalization
29,H004,clustered_inner_witness_record_adjudication_required,D060-00006002,A062-D060-00006002.d1rho1.d2rho1.d3y51.d4x51.d5y31.d6x31.d7rho0.d8y51.d9x51.d10y30.d11x30.d12rho1.d13x50.d14y30.d15x31.d16rho1.d17y31.d18y50.d19x30.d20rho1.d21x51.d22y50.d23y50.d24x51.d25y31.d26x31.d27rho0,h004_clustered_inner_witness_record_seed_freeze_candidate,frozen_cluster_witness_seed_candidate_pending_adjudication,True,0.000639211894592,True,True,pass_witness_source_reconstruction,True,,candidate_final_adjudication_replay_not_external_formalization
30,H004,clustered_inner_witness_record_adjudication_required,D060-00006002,A062-D060-00006002.d1rho1.d2rho1.d3y51.d4x51.d5y31.d6x31.d7rho0.d8y51.d9x51.d10y30.d11x30.d12rho1.d13x50.d14y30.d15x30.d16rho0.d17y30.d18y50.d19x51.d20y50.d21x31.d22y50.d23x51.d24y31.d25rho1.d26x31.d27rho1,h004_clustered_inner_witness_record_seed_freeze_candidate,frozen_cluster_witness_seed_candidate_pending_adjudication,True,0.000640596667747,True,True,pass_witness_source_reconstruction,True,,candidate_final_adjudication_replay_not_external_formalization
31,H004,clustered_inner_witness_record_adjudication_required,D060-00006002,A062-D060-00006002.d1rho1.d2rho1.d3y51.d4x51.d5y31.d6x31.d7rho0.d8y51.d9x51.d10y30.d11x30.d12rho1.d13x50.d14y30.d15x30.d16rho0.d17y31.d18y50.d19x51.d20y50.d21x31.d22y50.d23x51.d24y30.d25rho1.d26x31.d27rho1,h004_clustered_inner_witness_record_seed_freeze_candidate,frozen_cluster_witness_seed_candidate_pending_adjudication,True,0.000640596667747,True,True,pass_witness_source_reconstruction,True,,candidate_final_adjudication_replay_not_external_formalization
32,H004,clustered_inner_witness_record_adjudication_required,D060-00006002,A062-D060-00006002.d1rho1.d2rho1.d3y51.d4x51.d5y31.d6x31.d7rho0.d8y51.d9x51.d10y30.d11x30.d12rho1.d13x51.d14y30.d15x30.d16rho0.d17y30.d18y50.d19y50.d20x50.d21x31.d22y50.d23x50.d24y31.d25rho1.d26x31.d27rho1,h004_clustered_inner_witness_record_seed_freeze_candidate,frozen_cluster_witness_seed_candidate_pending_adjudication,True,0.000640596667747,True,True,pass_witness_source_reconstruction,True,,candidate_final_adjudication_replay_not_external_formalization
33,H004,clustered_inner_witness_record_adjudication_required,D060-00006002,A062-D060-00006002.d1rho1.d2rho1.d3y51.d4x51.d5y31.d6x31.d7rho0.d8y51.d9x51.d10y30.d11x30.d12rho1.d13x51.d14y30.d15x30.d16rho0.d17y31.d18y50.d19y50.d20x50.d21x31.d22y50.d23x50.d24y30.d25rho1.d26x31.d27rho1,h004_clustered_inner_witness_record_seed_freeze_candidate,frozen_cluster_witness_seed_candidate_pending_adjudication,True,0.000640596667747,True,True,pass_witness_source_reconstruction,True,,candidate_final_adjudication_replay_not_external_formalization
34,H004,clustered_inner_witness_record_adjudication_required,D060-00006002,A062-D060-00006002.d1rho1.d2rho1.d3y51.d4x51.d5y31.d6x31.d7rho0.d8y51.d9x51.d10y30.d11x30.d12rho1.d13x50.d14y30.d15x31.d16rho0.d17y30.d18y50.d19x30.d20x51.d21y50.d22y50.d23x51.d24x31.d25y31.d26rho1.d27rho1,h004_clustered_inner_witness_record_seed_freeze_candidate,frozen_cluster_witness_seed_candidate_pending_adjudication,True,0.000646147538909,True,True,pass_witness_source_reconstruction,True,,candidate_final_adjudication_replay_not_external_formalization
35,H004,clustered_inner_witness_record_adjudication_required,D060-00006002,A062-D060-00006002.d1rho1.d2rho1.d3y51.d4x51.d5y31.d6x31.d7rho0.d8y51.d9x51.d10y30.d11x30.d12rho1.d13x51.d14y30.d15x31.d16rho0.d17y30.d18y50.d19x30.d20y50.d21x50.d22y50.d23x50.d24x31.d25y31.d26rho1.d27rho1,h004_clustered_inner_witness_record_seed_freeze_candidate,frozen_cluster_witness_seed_candidate_pending_adjudication,True,0.000646147538909,True,True,pass_witness_source_reconstruction,True,,candidate_final_adjudication_replay_not_external_formalization
36,H004,clustered_inner_witness_record_adjudication_required,D060-00006002,A062-D060-00006002.d1rho1.d2rho1.d3y51.d4x51.d5y31.d6x31.d7rho0.d8y51.d9x51.d10y30.d11x30.d12rho1.d13x51.d14y30.d15x31.d16rho0.d17y31.d18y50.d19x30.d20y50.d21x50.d22y50.d23x50.d24y30.d25x31.d26rho1.d27rho1,h004_clustered_inner_witness_record_seed_freeze_candidate,frozen_cluster_witness_seed_candidate_pending_adjudication,True,0.000646147538909,True,True,pass_witness_source_reconstruction,True,,candidate_final_adjudication_replay_not_external_formalization
37,DIRECTED,v135_witness_replay_required,D060-00008276,A062-D060-00008276.v073rho0,directed_existing_v135_inner_witness_record_freeze_candidate,frozen_existing_witness_candidate,True,,True,True,pass_witness_source_reconstruction,True,,candidate_final_adjudication_replay_not_external_formalization
38,DIRECTED,v135_witness_replay_required,D060-00008276,A062-D060-00008276.v073rho1,directed_existing_v135_inner_witness_record_freeze_candidate,frozen_existing_witness_candidate,True,,True,True,pass_witness_source_reconstruction,True,,candidate_final_adjudication_replay_not_external_formalization
39,DIRECTED,v135_witness_replay_required,D060-00008276,A062-D060-00008276.v073rho2,directed_existing_v135_inner_witness_record_freeze_candidate,frozen_existing_witness_candidate,True,,True,True,pass_witness_source_reconstruction,True,,candidate_final_adjudication_replay_not_external_formalization
40,DIRECTED,v135_witness_replay_required,D060-00008276,A062-D060-00008276.v073rho3,directed_existing_v135_inner_witness_record_freeze_candidate,frozen_existing_witness_candidate,True,,True,True,pass_witness_source_reconstruction,True,,candidate_final_adjudication_replay_not_external_formalization
41,DIRECTED,v135_witness_replay_required,D060-00008276,A062-D060-00008276.v073rho0,directed_existing_v135_inner_witness_record_freeze_candidate,frozen_existing_witness_candidate,True,,True,True,pass_witness_source_reconstruction,True,,candidate_final_adjudication_replay_not_external_formalization
42,DIRECTED,v135_witness_replay_required,D060-00008276,A062-D060-00008276.v073rho1,directed_existing_v135_inner_witness_record_freeze_candidate,frozen_existing_witness_candidate,True,,True,True,pass_witness_source_reconstruction,True,,candidate_final_adjudication_replay_not_external_formalization
43,DIRECTED,v135_witness_replay_required,D060-00008276,A062-D060-00008276.v073rho2,directed_existing_v135_inner_witness_record_freeze_candidate,frozen_existing_witness_candidate,True,,True,True,pass_witness_source_reconstruction,True,,candidate_final_adjudication_replay_not_external_formalization
44,DIRECTED,v135_witness_replay_required,D060-00008276,A062-D060-00008276.v073rho3,directed_existing_v135_inner_witness_record_freeze_candidate,frozen_existing_witness_candidate,True,,True,True,pass_witness_source_reconstruction,True,,candidate_final_adjudication_replay_not_external_formalization
45,DIRECTED,directed_witness_record_adjudication_required,D060-00012235,A062-D060-00012235.v073rho0,directed_rho_cluster_witness_record_seed_freeze_candidate,frozen_directed_witness_seed_candidate_pending_adjudication,True,,True,True,pass_witness_source_reconstruction,True,,candidate_final_adjudication_replay_not_external_formalization
46,DIRECTED,directed_witness_record_adjudication_required,D060-00012235,A062-D060-00012235.v073rho1,directed_rho_cluster_witness_record_seed_freeze_candidate,frozen_directed_witness_seed_candidate_pending_adjudication,True,,True,True,pass_witness_source_reconstruction,True,,candidate_final_adjudication_replay_not_external_formalization
47,DIRECTED,directed_witness_record_adjudication_required,D060-00010245,A062-D060-00010245.v073rho0,directed_rho_cluster_witness_record_seed_freeze_candidate,frozen_directed_witness_seed_candidate_pending_adjudication,True,,True,True,pass_witness_source_reconstruction,True,,candidate_final_adjudication_replay_not_external_formalization
48,DIRECTED,directed_witness_record_adjudication_required,D060-00010245,A062-D060-00010245.v073rho1,directed_rho_cluster_witness_record_seed_freeze_candidate,frozen_directed_witness_seed_candidate_pending_adjudication,True,,True,True,pass_witness_source_reconstruction,True,,candidate_final_adjudication_replay_not_external_formalization
49,DIRECTED,directed_witness_record_adjudication_required,D060-00001057,A062-D060-00001057.v073rho0,directed_rho_cluster_witness_record_seed_freeze_candidate,frozen_directed_witness_seed_candidate_pending_adjudication,True,,True,True,pass_witness_source_reconstruction,True,,candidate_final_adjudication_replay_not_external_formalization
50,DIRECTED,directed_witness_record_adjudication_required,D060-00001057,A062-D060-00001057.v073rho1,directed_rho_cluster_witness_record_seed_freeze_candidate,frozen_directed_witness_seed_candidate_pending_adjudication,True,,True,True,pass_witness_source_reconstruction,True,,candidate_final_adjudication_replay_not_external_formalization
51,DIRECTED,directed_witness_record_adjudication_required,D060-00008823,A062-D060-00008823.v073rho0,directed_rho_cluster_witness_record_seed_freeze_candidate,frozen_directed_witness_seed_candidate_pending_adjudication,True,,True,True,pass_witness_source_reconstruction,True,,candidate_final_adjudication_replay_not_external_formalization
52,DIRECTED,directed_witness_record_adjudication_required,D060-00008823,A062-D060-00008823.v073rho1,directed_rho_cluster_witness_record_seed_freeze_candidate,frozen_directed_witness_seed_candidate_pending_adjudication,True,,True,True,pass_witness_source_reconstruction,True,,candidate_final_adjudication_replay_not_external_formalization
53,DIRECTED,directed_witness_record_adjudication_required,D060-00014267,A062-D060-00014267.v073rho0,directed_rho_cluster_witness_record_seed_freeze_candidate,frozen_directed_witness_seed_candidate_pending_adjudication,True,,True,True,pass_witness_source_reconstruction,True,,candidate_final_adjudication_replay_not_external_formalization
54,DIRECTED,directed_witness_record_adjudication_required,D060-00014267,A062-D060-00014267.v073rho1,directed_rho_cluster_witness_record_seed_freeze_candidate,frozen_directed_witness_seed_candidate_pending_adjudication,True,,True,True,pass_witness_source_reconstruction,True,,candidate_final_adjudication_replay_not_external_formalization
55,DIRECTED,directed_witness_record_adjudication_required,D060-00004228,A062-D060-00004228.v073rho0,directed_rho_cluster_witness_record_seed_freeze_candidate,frozen_directed_witness_seed_candidate_pending_adjudication,True,,True,True,pass_witness_source_reconstruction,True,,candidate_final_adjudication_replay_not_external_formalization
56,DIRECTED,directed_witness_record_adjudication_required,D060-00004228,A062-D060-00004228.v073rho1,directed_rho_cluster_witness_record_seed_freeze_candidate,frozen_directed_witness_seed_candidate_pending_adjudication,True,,True,True,pass_witness_source_reconstruction,True,,candidate_final_adjudication_replay_not_external_formalization
57,DIRECTED,directed_witness_record_adjudication_required,D060-00014616,A062-D060-00014616.v073rho0,directed_rho_cluster_witness_record_seed_freeze_candidate,frozen_directed_witness_seed_candidate_pending_adjudication,True,,True,True,pass_witness_source_reconstruction,True,,candidate_final_adjudication_replay_not_external_formalization
58,DIRECTED,directed_witness_record_adjudication_required,D060-00014616,A062-D060-00014616.v073rho1,directed_rho_cluster_witness_record_seed_freeze_candidate,frozen_directed_witness_seed_candidate_pending_adjudication,True,,True,True,pass_witness_source_reconstruction,True,,candidate_final_adjudication_replay_not_external_formalization
59,DIRECTED,directed_witness_record_adjudication_required,D060-00000110,A062-D060-00000110.v073rho0,directed_rho_cluster_witness_record_seed_freeze_candidate,frozen_directed_witness_seed_candidate_pending_adjudication,True,,True,True,pass_witness_source_reconstruction,True,,candidate_final_adjudication_replay_not_external_formalization
60,DIRECTED,directed_witness_record_adjudication_required,D060-00000110,A062-D060-00000110.v073rho1,directed_rho_cluster_witness_record_seed_freeze_candidate,frozen_directed_witness_seed_candidate_pending_adjudication,True,,True,True,pass_witness_source_reconstruction,True,,candidate_final_adjudication_replay_not_external_formalization
61,DIRECTED,directed_witness_record_adjudication_required,D060-00012222,A062-D060-00012222.v073rho0,directed_rho_cluster_witness_record_seed_freeze_candidate,frozen_directed_witness_seed_candidate_pending_adjudication,True,,True,True,pass_witness_source_reconstruction,True,,candidate_final_adjudication_replay_not_external_formalization
62,DIRECTED,directed_witness_record_adjudication_required,D060-00012222,A062-D060-00012222.v073rho1,directed_rho_cluster_witness_record_seed_freeze_candidate,frozen_directed_witness_seed_candidate_pending_adjudication,True,,True,True,pass_witness_source_reconstruction,True,,candidate_final_adjudication_replay_not_external_formalization
63,DIRECTED,source_reconstruction_or_witness_adjudication_required,D060-00013253,WU073-00074,directed_source_reconstruction_or_witness_fallback_record_freeze_candidate,frozen_source_reconstruction_candidate_pending_adjudication,True,,True,True,pass_witness_source_reconstruction,True,,candidate_final_adjudication_replay_not_external_formalization
64,DIRECTED,directed_witness_record_adjudication_required,D060-00014319,A062-D060-00014319.v073rho0,directed_rho_cluster_witness_record_seed_freeze_candidate,frozen_directed_witness_seed_candidate_pending_adjudication,True,,True,True,pass_witness_source_reconstruction,True,,candidate_final_adjudication_replay_not_external_formalization
65,DIRECTED,directed_witness_record_adjudication_required,D060-00014319,A062-D060-00014319.v073rho1,directed_rho_cluster_witness_record_seed_freeze_candidate,frozen_directed_witness_seed_candidate_pending_adjudication,True,,True,True,pass_witness_source_reconstruction,True,,candidate_final_adjudication_replay_not_external_formalization
66,DIRECTED,directed_witness_record_adjudication_required,D060-00002896,A062-D060-00002896.v073rho0,directed_rho_cluster_witness_record_seed_freeze_candidate,frozen_directed_witness_seed_candidate_pending_adjudication,True,,True,True,pass_witness_source_reconstruction,True,,candidate_final_adjudication_replay_not_external_formalization
67,DIRECTED,directed_witness_record_adjudication_required,D060-00002896,A062-D060-00002896.v073rho1,directed_rho_cluster_witness_record_seed_freeze_candidate,frozen_directed_witness_seed_candidate_pending_adjudication,True,,True,True,pass_witness_source_reconstruction,True,,candidate_final_adjudication_replay_not_external_formalization
68,DIRECTED,source_reconstruction_or_witness_adjudication_required,D060-00012861,WU073-00084,directed_source_reconstruction_or_witness_fallback_record_freeze_candidate,frozen_source_reconstruction_candidate_pending_adjudication,True,,True,True,pass_witness_source_reconstruction,True,,candidate_final_adjudication_replay_not_external_formalization
69,DIRECTED,source_reconstruction_or_witness_adjudication_required,D060-00006010,WU073-00081,directed_source_reconstruction_or_witness_fallback_record_freeze_candidate,frozen_source_reconstruction_candidate_pending_adjudication,True,,True,True,pass_witness_source_reconstruction,True,,candidate_final_adjudication_replay_not_external_formalization
70,DIRECTED,source_reconstruction_or_witness_adjudication_required,D060-00003945,WU073-00113,directed_source_reconstruction_or_witness_fallback_record_freeze_candidate,frozen_source_reconstruction_candidate_pending_adjudication,True,,True,True,pass_witness_source_reconstruction,True,,candidate_final_adjudication_replay_not_external_formalization
71,DIRECTED,source_reconstruction_or_witness_adjudication_required,D060-00008361,WU073-00125,directed_source_reconstruction_or_witness_fallback_record_freeze_candidate,frozen_source_reconstruction_candidate_pending_adjudication,True,,True,True,pass_witness_source_reconstruction,True,,candidate_final_adjudication_replay_not_external_formalization
72,DIRECTED,source_reconstruction_or_witness_adjudication_required,D060-00010810,WU073-00101,directed_source_reconstruction_or_witness_fallback_record_freeze_candidate,frozen_source_reconstruction_candidate_pending_adjudication,True,,True,True,pass_witness_source_reconstruction,True,,candidate_final_adjudication_replay_not_external_formalization
73,DIRECTED,source_reconstruction_or_witness_adjudication_required,D060-00010852,WU073-00076,directed_source_reconstruction_or_witness_fallback_record_freeze_candidate,frozen_source_reconstruction_candidate_pending_adjudication,True,,True,True,pass_witness_source_reconstruction,True,,candidate_final_adjudication_replay_not_external_formalization
74,DIRECTED,source_reconstruction_or_witness_adjudication_required,D060-00011146,WU073-00107,directed_source_reconstruction_or_witness_fallback_record_freeze_candidate,frozen_source_reconstruction_candidate_pending_adjudication,True,,True,True,pass_witness_source_reconstruction,True,,candidate_final_adjudication_replay_not_external_formalization
75,DIRECTED,source_reconstruction_or_witness_adjudication_required,D060-00003259,WU073-00117,directed_source_reconstruction_or_witness_fallback_record_freeze_candidate,frozen_source_reconstruction_candidate_pending_adjudication,True,,True,True,pass_witness_source_reconstruction,True,,candidate_final_adjudication_replay_not_external_formalization
76,DIRECTED,source_reconstruction_or_witness_adjudication_required,D060-00015262,WU073-00134,directed_source_reconstruction_or_witness_fallback_record_freeze_candidate,frozen_source_reconstruction_candidate_pending_adjudication,True,,True,True,pass_witness_source_reconstruction,True,,candidate_final_adjudication_replay_not_external_formalization
77,DIRECTED,source_reconstruction_or_witness_adjudication_required,D060-00001250,WU073-00062,directed_source_reconstruction_or_witness_fallback_record_freeze_candidate,frozen_source_reconstruction_candidate_pending_adjudication,True,,True,True,pass_witness_source_reconstruction,True,,candidate_final_adjudication_replay_not_external_formalization
78,DIRECTED,source_reconstruction_or_witness_adjudication_required,D060-00001487,WU073-00086,directed_source_reconstruction_or_witness_fallback_record_freeze_candidate,frozen_source_reconstruction_candidate_pending_adjudication,True,,True,True,pass_witness_source_reconstruction,True,,candidate_final_adjudication_replay_not_external_formalization
79,DIRECTED,source_reconstruction_or_witness_adjudication_required,D060-00005660,WU073-00114,directed_source_reconstruction_or_witness_fallback_record_freeze_candidate,frozen_source_reconstruction_candidate_pending_adjudication,True,,True,True,pass_witness_source_reconstruction,True,,candidate_final_adjudication_replay_not_external_formalization
80,DIRECTED,source_reconstruction_or_witness_adjudication_required,D060-00012855,WU073-00129,directed_source_reconstruction_or_witness_fallback_record_freeze_candidate,frozen_source_reconstruction_candidate_pending_adjudication,True,,True,True,pass_witness_source_reconstruction,True,,candidate_final_adjudication_replay_not_external_formalization
81,DIRECTED,source_reconstruction_or_witness_adjudication_required,D060-00013197,WU073-00069,directed_source_reconstruction_or_witness_fallback_record_freeze_candidate,frozen_source_reconstruction_candidate_pending_adjudication,True,,True,True,pass_witness_source_reconstruction,True,,candidate_final_adjudication_replay_not_external_formalization
82,DIRECTED,source_reconstruction_or_witness_adjudication_required,D060-00013547,WU073-00135,directed_source_reconstruction_or_witness_fallback_record_freeze_candidate,frozen_source_reconstruction_candidate_pending_adjudication,True,,True,True,pass_witness_source_reconstruction,True,,candidate_final_adjudication_replay_not_external_formalization
83,DIRECTED,source_reconstruction_or_witness_adjudication_required,D060-00008795,WU073-00059,directed_source_reconstruction_or_witness_fallback_record_freeze_candidate,frozen_source_reconstruction_candidate_pending_adjudication,True,,True,True,pass_witness_source_reconstruction,True,,candidate_final_adjudication_replay_not_external_formalization
84,DIRECTED,source_reconstruction_or_witness_adjudication_required,D060-00015942,WU073-00073,directed_source_reconstruction_or_witness_fallback_record_freeze_candidate,frozen_source_reconstruction_candidate_pending_adjudication,True,,True,True,pass_witness_source_reconstruction,True,,candidate_final_adjudication_replay_not_external_formalization
85,DIRECTED,source_reconstruction_or_witness_adjudication_required,D060-00001194,WU073-00120,directed_source_reconstruction_or_witness_fallback_record_freeze_candidate,frozen_source_reconstruction_candidate_pending_adjudication,True,,True,True,pass_witness_source_reconstruction,True,,candidate_final_adjudication_replay_not_external_formalization
86,DIRECTED,source_reconstruction_or_witness_adjudication_required,D060-00011153,WU073-00154,directed_source_reconstruction_or_witness_fallback_record_freeze_candidate,frozen_source_reconstruction_candidate_pending_adjudication,True,,True,True,pass_witness_source_reconstruction,True,,candidate_final_adjudication_replay_not_external_formalization
87,DIRECTED,source_reconstruction_or_witness_adjudication_required,D060-00013499,WU073-00130,directed_source_reconstruction_or_witness_fallback_record_freeze_candidate,frozen_source_reconstruction_candidate_pending_adjudication,True,,True,True,pass_witness_source_reconstruction,True,,candidate_final_adjudication_replay_not_external_formalization
88,DIRECTED,source_reconstruction_or_witness_adjudication_required,D060-00015654,WU073-00122,directed_source_reconstruction_or_witness_fallback_record_freeze_candidate,frozen_source_reconstruction_candidate_pending_adjudication,True,,True,True,pass_witness_source_reconstruction,True,,candidate_final_adjudication_replay_not_external_formalization
89,DIRECTED,source_reconstruction_or_witness_adjudication_required,D060-00001544,WU073-00131,directed_source_reconstruction_or_witness_fallback_record_freeze_candidate,frozen_source_reconstruction_candidate_pending_adjudication,True,,True,True,pass_witness_source_reconstruction,True,,candidate_final_adjudication_replay_not_external_formalization
90,DIRECTED,source_reconstruction_or_witness_adjudication_required,D060-00003545,WU073-00108,directed_source_reconstruction_or_witness_fallback_record_freeze_candidate,frozen_source_reconstruction_candidate_pending_adjudication,True,,True,True,pass_witness_source_reconstruction,True,,candidate_final_adjudication_replay_not_external_formalization
91,DIRECTED,source_reconstruction_or_witness_adjudication_required,D060-00003595,WU073-00146,directed_source_reconstruction_or_witness_fallback_record_freeze_candidate,frozen_source_reconstruction_candidate_pending_adjudication,True,,True,True,pass_witness_source_reconstruction,True,,candidate_final_adjudication_replay_not_external_formalization
92,DIRECTED,source_reconstruction_or_witness_adjudication_required,D060-00008109,WU073-00083,directed_source_reconstruction_or_witness_fallback_record_freeze_candidate,frozen_source_reconstruction_candidate_pending_adjudication,True,,True,True,pass_witness_source_reconstruction,True,,candidate_final_adjudication_replay_not_external_formalization
93,DIRECTED,source_reconstruction_or_witness_adjudication_required,D060-00011105,WU073-00124,directed_source_reconstruction_or_witness_fallback_record_freeze_candidate,frozen_source_reconstruction_candidate_pending_adjudication,True,,True,True,pass_witness_source_reconstruction,True,,candidate_final_adjudication_replay_not_external_formalization
94,DIRECTED,source_reconstruction_or_witness_adjudication_required,D060-00015207,WU073-00123,directed_source_reconstruction_or_witness_fallback_record_freeze_candidate,frozen_source_reconstruction_candidate_pending_adjudication,True,,True,True,pass_witness_source_reconstruction,True,,candidate_final_adjudication_replay_not_external_formalization
95,DIRECTED,source_reconstruction_or_witness_adjudication_required,D060-00003308,WU073-00138,directed_source_reconstruction_or_witness_fallback_record_freeze_candidate,frozen_source_reconstruction_candidate_pending_adjudication,True,,True,True,pass_witness_source_reconstruction,True,,candidate_final_adjudication_replay_not_external_formalization
96,DIRECTED,source_reconstruction_or_witness_adjudication_required,D060-00006346,WU073-00118,directed_source_reconstruction_or_witness_fallback_record_freeze_candidate,frozen_source_reconstruction_candidate_pending_adjudication,True,,True,True,pass_witness_source_reconstruction,True,,candidate_final_adjudication_replay_not_external_formalization
97,DIRECTED,source_reconstruction_or_witness_adjudication_required,D060-00006395,WU073-00140,directed_source_reconstruction_or_witness_fallback_record_freeze_candidate,frozen_source_reconstruction_candidate_pending_adjudication,True,,True,True,pass_witness_source_reconstruction,True,,candidate_final_adjudication_replay_not_external_formalization
98,DIRECTED,source_reconstruction_or_witness_adjudication_required,D060-00010754,WU073-00156,directed_source_reconstruction_or_witness_fallback_record_freeze_candidate,frozen_source_reconstruction_candidate_pending_adjudication,True,,True,True,pass_witness_source_reconstruction,True,,candidate_final_adjudication_replay_not_external_formalization
99,DIRECTED,source_reconstruction_or_witness_adjudication_required,D060-00013155,WU073-00155,directed_source_reconstruction_or_witness_fallback_record_freeze_candidate,frozen_source_reconstruction_candidate_pending_adjudication,True,,True,True,pass_witness_source_reconstruction,True,,candidate_final_adjudication_replay_not_external_formalization
100,DIRECTED,source_reconstruction_or_witness_adjudication_required,D060-00015214,WU073-00136,directed_source_reconstruction_or_witness_fallback_record_freeze_candidate,frozen_source_reconstruction_candidate_pending_adjudication,True,,True,True,pass_witness_source_reconstruction,True,,candidate_final_adjudication_replay_not_external_formalization
101,DIRECTED,source_reconstruction_or_witness_adjudication_required,D060-00015255,WU073-00145,directed_source_reconstruction_or_witness_fallback_record_freeze_candidate,frozen_source_reconstruction_candidate_pending_adjudication,True,,True,True,pass_witness_source_reconstruction,True,,candidate_final_adjudication_replay_not_external_formalization
102,DIRECTED,source_reconstruction_or_witness_adjudication_required,D060-00001494,WU073-00141,directed_source_reconstruction_or_witness_fallback_record_freeze_candidate,frozen_source_reconstruction_candidate_pending_adjudication,True,,True,True,pass_witness_source_reconstruction,True,,candidate_final_adjudication_replay_not_external_formalization
103,DIRECTED,source_reconstruction_or_witness_adjudication_required,D060-00003209,WU073-00144,directed_source_reconstruction_or_witness_fallback_record_freeze_candidate,frozen_source_reconstruction_candidate_pending_adjudication,True,,True,True,pass_witness_source_reconstruction,True,,candidate_final_adjudication_replay_not_external_formalization
104,DIRECTED,source_reconstruction_or_witness_adjudication_required,D060-00003888,WU073-00152,directed_source_reconstruction_or_witness_fallback_record_freeze_candidate,frozen_source_reconstruction_candidate_pending_adjudication,True,,True,True,pass_witness_source_reconstruction,True,,candidate_final_adjudication_replay_not_external_formalization
105,DIRECTED,source_reconstruction_or_witness_adjudication_required,D060-00003937,WU073-00159,directed_source_reconstruction_or_witness_fallback_record_freeze_candidate,frozen_source_reconstruction_candidate_pending_adjudication,True,,True,True,pass_witness_source_reconstruction,True,,candidate_final_adjudication_replay_not_external_formalization
106,DIRECTED,source_reconstruction_or_witness_adjudication_required,D060-00005617,WU073-00147,directed_source_reconstruction_or_witness_fallback_record_freeze_candidate,frozen_source_reconstruction_candidate_pending_adjudication,True,,True,True,pass_witness_source_reconstruction,True,,candidate_final_adjudication_replay_not_external_formalization
107,DIRECTED,source_reconstruction_or_witness_adjudication_required,D060-00008402,WU073-00151,directed_source_reconstruction_or_witness_fallback_record_freeze_candidate,frozen_source_reconstruction_candidate_pending_adjudication,True,,True,True,pass_witness_source_reconstruction,True,,candidate_final_adjudication_replay_not_external_formalization
108,DIRECTED,source_reconstruction_or_witness_adjudication_required,D060-00008704,WU073-00148,directed_source_reconstruction_or_witness_fallback_record_freeze_candidate,frozen_source_reconstruction_candidate_pending_adjudication,True,,True,True,pass_witness_source_reconstruction,True,,candidate_final_adjudication_replay_not_external_formalization
109,DIRECTED,source_reconstruction_or_witness_adjudication_required,D060-00008745,WU073-00158,directed_source_reconstruction_or_witness_fallback_record_freeze_candidate,frozen_source_reconstruction_candidate_pending_adjudication,True,,True,True,pass_witness_source_reconstruction,True,,candidate_final_adjudication_replay_not_external_formalization
110,DIRECTED,source_reconstruction_or_witness_adjudication_required,D060-00010460,WU073-00149,directed_source_reconstruction_or_witness_fallback_record_freeze_candidate,frozen_source_reconstruction_candidate_pending_adjudication,True,,True,True,pass_witness_source_reconstruction,True,,candidate_final_adjudication_replay_not_external_formalization
111,DIRECTED,source_reconstruction_or_witness_adjudication_required,D060-00010509,WU073-00157,directed_source_reconstruction_or_witness_fallback_record_freeze_candidate,frozen_source_reconstruction_candidate_pending_adjudication,True,,True,True,pass_witness_source_reconstruction,True,,candidate_final_adjudication_replay_not_external_formalization
112,DIRECTED,source_reconstruction_or_witness_adjudication_required,D060-00012806,WU073-00137,directed_source_reconstruction_or_witness_fallback_record_freeze_candidate,frozen_source_reconstruction_candidate_pending_adjudication,True,,True,True,pass_witness_source_reconstruction,True,,candidate_final_adjudication_replay_not_external_formalization
113,DIRECTED,source_reconstruction_or_witness_adjudication_required,D060-00012854,WU073-00153,directed_source_reconstruction_or_witness_fallback_record_freeze_candidate,frozen_source_reconstruction_candidate_pending_adjudication,True,,True,True,pass_witness_source_reconstruction,True,,candidate_final_adjudication_replay_not_external_formalization
114,DIRECTED,source_reconstruction_or_witness_adjudication_required,D060-00015550,WU073-00887,directed_source_reconstruction_or_witness_fallback_record_freeze_candidate,frozen_source_reconstruction_candidate_pending_adjudication,True,,True,True,pass_witness_source_reconstruction,True,,candidate_final_adjudication_replay_not_external_formalization
115,DIRECTED,source_reconstruction_or_witness_adjudication_required,D060-00015550,WU073-00887,directed_source_reconstruction_or_witness_fallback_record_freeze_candidate,frozen_source_reconstruction_candidate_pending_adjudication,True,,True,True,pass_witness_source_reconstruction,True,,candidate_final_adjudication_replay_not_external_formalization
116,DIRECTED,source_reconstruction_or_witness_adjudication_required,D060-00001144,WU073-00896,directed_source_reconstruction_or_witness_fallback_record_freeze_candidate,frozen_source_reconstruction_candidate_pending_adjudication,True,,True,True,pass_witness_source_reconstruction,True,,candidate_final_adjudication_replay_not_external_formalization
117,DIRECTED,source_reconstruction_or_witness_adjudication_required,D060-00001144,WU073-00896,directed_source_reconstruction_or_witness_fallback_record_freeze_candidate,frozen_source_reconstruction_candidate_pending_adjudication,True,,True,True,pass_witness_source_reconstruction,True,,candidate_final_adjudication_replay_not_external_formalization
